Pkgname,documentVersion,timestampMsec,starRating,comment,personId,name,image
com.snapchat.android,10.73.0.0,1579448487107,4,"I love this app! I would give it 5 stars, but there is one problem I have encountered. Any time I take a photo or video and post it to my story, it lags like crazy and 90% of the time it freezes on me and I am unable to do anything. So I have to restart the app. It's like the server or whatever cant handle multiple photos or videos and it seizes out. Idk but it's frustrating. Other than that 10/10 for this app.",105448581826323919397,Jessica Paige,https://lh3.googleusercontent.com/a-/AAuE7mD5r6oMvJAaILmDxV9mf1FAn-BUUDK6CDeYBJh-
com.snapchat.android,10.73.0.0,1579303383160,3,"The chat functionality is a bit odd. The automatic deleting of messages some time after they're opened is perhaps the most confusing choice. The one major gripe I have is that the Discover page filters seem to do next to nothing. I have mine set to just see Gaming, Science & Tech, and DIY. However, it continues to show me anything and everything. It's almost entirely sports, dating app ads, and random vloggers. I've tried inverting my selection, in case I'd done it wrong. Same results.",118260824004871080307,Cody Buhler,https://lh3.googleusercontent.com/a-/AAuE7mDripNyKftR-znmXEC4qXWlZdQRccjmv1tvmKNwBw
com.snapchat.android,10.73.0.0,1579527091357,3,"What I hate: that the app automatically opens to camera, the quick add feature, not having the option to re-add friends whose usernames I lost, not being able to stop people from taking a screenshot of a picture... The list goes on. There's a lot that needs improvement, but if at least these points above are addressed, I'll be much happier.",109036921796257299469,Mona,https://lh3.googleusercontent.com/-sZinc-ekyqY/AAAAAAAAAAI/AAAAAAAAAAA/ACHi3re2ZZ2FtCBQ9lzXFcruzkCnx0aRBA/photo.jpg
com.snapchat.android,10.73.0.0,1579549389953,4,"I've had snapchat for a very long time now and it has served me well. But the downfall is that it has had it's glitches and moments of not working. Since yesterday, I've had to uninstall and reinstall because for some reason it will not open some of my snaps with one specific person. It won't let me view the video's they send and it really annoys me because I had having a notification for an unopened snap. I can view other video's but none from this one person. What is going on?",105571265572388555956,charlieatethecat,https://lh3.googleusercontent.com/a-/AAuE7mDux8lnPyu_ZtX8v87ICWlKEn_WqzryiQkVb2u9Ew
com.snapchat.android,10.73.0.0,1579448668039,1,"This app is a load of hot garbage. I got signed out of the app and I tried to sign back in multiple times. I even reset my password and tried with the new password I just made. Didn't work. I'm entering literally everything properly and it just won't let me sign anymore. Until the developers fix this, this garbage app is getting a one star rating. Too bad I can't give zero stars.",108080197093778608840,hillegc,https://lh3.googleusercontent.com/-xOlR6LVaiL0/AAAAAAAAAAI/AAAAAAAAAAA/ACHi3red4FeXC82pyw578ZLvB3yM1uq2pg/photo.jpg
com.snapchat.android,10.73.0.0,1579507199107,3,"It's hard to explain this app for me. Sometimes it makes me super frustrated, but at the same time I have lots of fun. I find it horrible how fast you can get addicted to this app, but I can only speak for myself... I've been hearing the new updates have made the app a lot slower and glitcher. Which I concur, it has seemed a bit like that. But to sum it all up for this app; It's good.",117258424863117099599,Destiny Behrends,https://lh3.googleusercontent.com/a-/AAuE7mBoiJM2Xyd0pWlw9Xm4pqsqWT4MfsiOxx79kQhS
com.snapchat.android,10.73.0.0,1579103948916,5,My favorite app! Love this! So easy to use and if you enjoy watching videos or photos of other people life (friends or family). This is quite entertaining. I use this app as my photobooküíï I go on vacation and save all my photos here. You can put photos/videos in your story so if you have public or private story you can post it and your friends can see it or select the people you don't want them to see as well.,114760170056231738088,Esperanza Valdiviezo,https://lh3.googleusercontent.com/-t7ZqkGkZSPg/AAAAAAAAAAI/AAAAAAAAAAA/ACHi3rfEr0GPqE6jmNayfrblCRZAqD9Q-A/photo.jpg
com.snapchat.android,10.73.0.0,1579210035080,4,"It is a great experience although for some phones (like mine) it is quite laggy and does ruin the experience. It is slow, but I work with it. I love the style and the way it's set out but I feel like it's more for iPhones rather than android, as it works better for iPhones in my case. Although it's still a very good app",111932028703202530418,Sufia Ahmed,https://lh3.googleusercontent.com/-ci1a0Woy79E/AAAAAAAAAAI/AAAAAAAAAAA/ACHi3re-3njTnKjeCgr8vXvtA7EygGUo-w/photo.jpg
com.snapchat.android,10.73.0.0,1579157609992,1,"Video recording does not work correctly on fresh Android install on Nokia 4.2 (Model TA-1150) and newest version of Snapchat. (10.73.0.0) After recording a video, the video does not play back for you to view and then when discarding the video, the app freezes on the frame of the video and does not detect new camera movements, have to close app to fix. Even if I click send, the video fails to get sent. I have never had this issue on any other phone.",107194770490553368776,Richard Messina,https://lh3.googleusercontent.com/-siKuFa0ve3Q/AAAAAAAAAAI/AAAAAAAAAAA/ACHi3rcnRYCzzfgZdMqrsLO3d0blPgzkjA/photo.jpg
com.snapchat.android,10.73.0.0,1579540928209,4,This is a great app! Its not slow and doesnt lag!! All the filters are so adorable! Maybe tone down on the filter 'makeup' a tad...Bit overall great app! I have a complaint though and that's why I gave it 4 stars. When ur facetiming people you should be able to leave the chat but still be on ft. It would even be an improvement if you could facetime but not leave the app. Please fix this. GREAT APP FOR MIDDLE SCHOOLERS!,105823299011841801964,Stellar Moon,https://lh3.googleusercontent.com/a-/AAuE7mAToFUs6mit3jNEiRlwNLIm21uMjuMYaGoORVo5ag
com.snapchat.android,10.73.0.0,1579035700408,1,"Use to be great but with ever update the camera gets worse. It use to take the fastest pictures, now its slow. The camera itself, gets closer and closer to the point where I practically need to selfie stick to get the dimensions I use to. Like why would you change that? I use to automatically use snapchat as my go to camera but now with the horrible adjustments I dont even want to open it anymore. Are you guys trying to chase away your users?",112835720692415755162,Jenna Timm,https://lh3.googleusercontent.com/-vPbkS8abmSc/AAAAAAAAAAI/AAAAAAAAAAA/ACHi3rcTp9-C9CvITxGQzX1_J2k95cJlBw/photo.jpg
com.snapchat.android,10.73.0.0,1579525183737,3,"Snapchat used to run great, until the last 3 updates. The most recent update i can no longer get my snaps to load from my friends. I can send them out but cant get them to load once i babe recieved them. Yes. Ive tried reloading the app, pulling down on the snaps to reload, i get nothing. Been having problems with my snaps taking over 5 minutes to load before the newest update. Now its pretty much just a waste of my time. Fix this.",111084075560464955904,SarahAnn Fender,https://lh3.googleusercontent.com/-eRZD6HDMCzE/AAAAAAAAAAI/AAAAAAAAAAA/ACHi3rcHzhUsH3zPzLMaunIbxl1RaFtrmg/photo.jpg
com.snapchat.android,10.73.0.0,1579326826682,4,"I love this app. I use it a lot. But i noticed after i updated it twice i still dont have the in cameo function. I followed all the instructions but it doesnt seem to be updated yet. Also when i open the app, everything blinks on and off, and i cant do anything until it stops. Otherwise I love the app.",108129861900006721640,Lisa WhiTe,https://lh3.googleusercontent.com/-TZyRelvek9g/AAAAAAAAAAI/AAAAAAAAAAA/ACHi3rd0TDp06GetYA5kb5nBzJowgmvrAg/photo.jpg
com.snapchat.android,10.73.0.0,1579289077768,3,"Great app idea but it is filled with bugs that never get fixed every couple snaps I send I have to force stop the app because it won't send one. This happens everyday and it is so annoying and it breaks my camera sometimes too it will act like it has an fps of 2 and the only way to solve it is to force close snap and my camera app. And closing it as a background app doesn't even work you have to go in the settings of your phone and stop all processes. I've tried re downloading, updating, etc.",110319599393827487499,Dante Galluzzo,https://lh3.googleusercontent.com/a-/AAuE7mAHgO3waQKnajMhFKLxCfo3v1ZeLJff-GoQmJHnZw
com.snapchat.android,10.73.0.0,1579209407200,1,"Snapchat just blocked me the third time in 10 days. I just wiped the cache inside the app twice so the broken ""backup"" feature works. Since then Snapchat thinks I'm some kind of a third-party rooted user. I even reinstalled snapchat several times. JUST FIX THIS and stop worrying for iPhone users all the time you have Android users here. The worst part is how terrible Snapchats support is. I get messages like ""you probably used third-party apps, wait for the unlock"". What is this? This app used to work. I'm afraid to login again, because Snapchat will guaranteed ban me again. Probably it's my fault that I use a Chinese phone and not an iPhone right?",111444758269924902586,Meriicistyle,https://lh3.googleusercontent.com/a-/AAuE7mBsQg5HlEPd9A5k6p_yx7a4nlFQhtxk_VaWFxGW1g
com.snapchat.android,10.73.0.0,1579385607421,3,"IMO the best app for connecting with friends (on IOS). The android app is awful. Pictures look terrible and management of photos is unintuitive. Not to mention the app crashes non stop, sometimes even causing my brand new galaxy s10 to shut off and overheat. No other app does this. In conclusion snapchat needs to up they're android game. Ever since I switched from iphone I've used the app less and less.",104198776447178341434,Ty Reeve Lacrosse,https://lh3.googleusercontent.com/a-/AAuE7mCflXdJsBnSYJzKE7QjITTjCp_bw88Xr9u4vDESsA
com.snapchat.android,10.73.0.0,1579461263517,1,"This app is trash everytime I take a picture it says "" snap capture failed"" and freezes the whole app and says I need to restart the app because the camera isn't working. This is ridiculous. I shouldn't have to do that EVERY TIME I USE SNAPCHAT. This is frustrating and annoying as hell if you ask me!!! FIX UP!!! THIS PROBLEM HAS BEEN OCCURRING FOR MONTHS AND NOTHING HAS BEEN CHANGED.",104742693089531011382,Shenisha R,https://lh3.googleusercontent.com/-Fn58a8m7KcY/AAAAAAAAAAI/AAAAAAAAAAA/ACHi3rfx5pfkkfjCtUZNJAB7QfKTV84HQw/photo.jpg
com.snapchat.android,10.73.0.0,1579220014016,3,"for some reason when i write a lot of text it cuts both the beginning and end of sentences off, like its too big for the phone screen even though it fit perfectly before sending to anyone/posting to my story. also when i use any media (e.g gifs, text, bitmoji etc) they dont always stay where i place them, even the filters you swipe on after taking your snap (yanno the ones that show your location and things) get cut off at the bottom. Huawei p20 pro",114561186804886094818,jai wilson,https://lh3.googleusercontent.com/-6VFQ7yhn9WQ/AAAAAAAAAAI/AAAAAAAAAAA/ACHi3rc2QZTvR4kEFtYycR1CojO3HPxW4A/photo.jpg
com.snapchat.android,10.73.0.0,1579090017400,3,It's good when it wants to be it lags on me so much sometimes it will take me hours just to get a text when I'm in my own house and I have my connection on. I have the iPhone 11 pro so I know it's not my phone. I recommend you fix this lag pleas. I recommend you get the app but on if you have a good fast phone. Hansley Petrie,114108547440899321727,Hansley Petrie,https://lh3.googleusercontent.com/-doNpsd02xZg/AAAAAAAAAAI/AAAAAAAAAAA/ACHi3rclsAufFuI9VUGHzJjK8fi04geeIg/photo.jpg
com.snapchat.android,10.73.0.0,1579531921761,3,"It would be nice if there was a way to post longer videos on your snapchat stories, im having to use a secondary app to split all my videos in order to post them. If I post a video from my gallery thats over a minute (sometimes fewer) then it won't let me post it. But yet if I try posting a video that was taken with the actual snapchat camera then it can be 4 minutes long and lets me post it???? Pls fix. Also there are a lot of spam bots on here and its very annoying.",111358947377890625494,Lil Baker king,https://lh3.googleusercontent.com/a-/AAuE7mCfzsImbcqGiNsUrHu0mxBaiTsAxMB2eE2hnEJceQ
com.snapchat.android,10.73.0.0,1579544311859,2,"Not optimized for android and it's been 8 years. Please fix the camera, posting videos on my story turn them all distorted if I record them before. If i record them on snapchat itself then it's all blurry when I have the S10+ with one of the best cameras on the market. Actually ridiculous how it isnt optimized properly yet. Instead they add new ways to make money like more ads üòç.",103479214364536958400,ryan kelly,https://lh3.googleusercontent.com/-ll6TR5E1Kgg/AAAAAAAAAAI/AAAAAAAAAAA/ACHi3rf1SwAdd7_GiM4suZbrNxDn0I3E7Q/photo.jpg
com.snapchat.android,10.72.5.0,1578858604304,3,It's great and I used it all the time but the video chat sucks and also for some reason it won't let me add my friend. On quick add it just wouldn't add. I tried looking up by username and it said something went wrong same with the code thing. And mention doesn't work either. And there are always bugs,108828682198047677712,Alana Wozniak,https://lh3.googleusercontent.com/a-/AAuE7mBo81wolrfGfhv5QRvblRU-1Wn9fNmGRhlxJhnNUw
com.snapchat.android,10.73.0.0,1579477276384,2,It needs alot of work on the Android version the flash is horrible compared to the iPhone version and even to my stock camera app on my phone. The flash just turns up the brightness in my phone for a coupe seconds and makes everything pale with a blue tint also the fact that the updates come out faster on iPhones then Android witch I guess is ok considering the fact that there are thousands of Android phones and only one iPhone but it's seems to that apple products are favored.,116923587067649552786,Sheamus Belvin,https://lh3.googleusercontent.com/a-/AAuE7mCboA9zffzccqfUpwW8A3DxdRjI60ousNTZDPGD
com.snapchat.android,10.73.0.0,1579486167116,1,"I haven't been able to log in in over a week. App says ""Oops, something went wrong. Please try again later."" I've done the uninstall/install three times. Nothing worked. When I *could* log in, it wouldn't let me look at snaps friends had sent. Get it together SnapChat!!",115147809769025207244,Christin Komassa,https://lh3.googleusercontent.com/a-/AAuE7mBLI_sGTijnwZsGjYlAXS69WOZlXVKXtNdFNt8y8PM
com.snapchat.android,10.73.0.0,1579144376272,5,"Oh yeah!....updated the app...exactly how do u access cameo's? It does not appear in the chat sticker bar.....I think there is a malfunction with your update!!!! Just curious....no ""cameo"" available....is there a prob with your update? My iphone friends have it and was waiting for the android update....so disappointed!!! Please fix!!!",115800631998887775271,S Friedman,https://lh3.googleusercontent.com/-A-SF7EZ-bBo/AAAAAAAAAAI/AAAAAAAAAAA/ACHi3rdmuFvL1MQg91fmmjcvb4PFjyWfkA/photo.jpg
com.snapchat.android,10.73.0.0,1579065131569,5,"I love this app and use it everyday, but the only problem is that you cant change your username. So snapchat if you could add that in your next update because i hate my username. I made it when i was younger so its childish and not just me, a lot of my friends complain about theirs too. I know its kind of a lot to ask but please make it so we can change our usernames. Thank youuu!",101873871818691420754,Queen Gamer,https://lh3.googleusercontent.com/a-/AAuE7mC5F9h4_fiSiKditTB8i7-W1JVm43Gz0a-gp97oRQ
com.snapchat.android,10.73.0.0,1579259062163,3,"I used to use Snapchat a lot, but now I just go on it every now and then. Sometimes it takes too much storage so I delete it for a few days and then when I need it I get it again. These past few times, though, I can't sign in and I have no clue why. Am I doing something wrong, did I mess it up? Or is it just a bug?? I would like it to work so I can communicate with friends and coworkers.",100195196759931984044,Ukulele Tutorials For Beginners,https://lh3.googleusercontent.com/a-/AAuE7mD6WBXqv57pAPN-pI9ubgXKKST73qUDBrQlKlkH
com.snapchat.android,10.73.0.0,1579300318278,3,"Since yesterday, there's been a glitch on my snapchat. I can't see how many people viewed my story. It says 0 viewers however many people have viewed my stories ( as I viewed it from my friend's phone myself yet it says no viewers) and many of my friends even replied to my story but it doesn't show that they viewed it. This is really irritating me and I hope you solve this problem soon! Was gonna give it a 5 star but ima save that till u solve this!!",108060087962325445663,Hanna Asif,https://lh3.googleusercontent.com/-DkCWqH7JiSw/AAAAAAAAAAI/AAAAAAAAAAA/ACHi3rdnt2AKksvFIht6qV27kjRfQVKvag/photo.jpg
com.snapchat.android,10.73.0.0,1579233938575,3,"I noticed the other day when I take a video while playing music and singing along it's fine, but when I post it to my story and it's longer than 10 secs it will make the video lag like a sec or two behind and I look like a really bad lip syncer, please fix this. this used to not happen.",112391295276984035745,David P√©rez,https://lh3.googleusercontent.com/a-/AAuE7mDQcCH716UYAz_plbgVlT-CfxzNj68pCGETIoSuLRU
com.snapchat.android,10.73.0.0,1579329873093,3,"This app is full of features and is one of the best social media platforms, but come on man! This is 2020! This app should be able to sync between all of your devices, instead of being kicked off each time you sign in on another device. Rating would be higher if this were possible.",108692764894129655245,M Silk,https://lh3.googleusercontent.com/a-/AAuE7mDEOifoJqyJUy-cGJ_eXLxD89_4MKQV-jmZ3LyQYu8
com.snapchat.android,10.73.0.0,1579439829872,1,"My experience was great until everyone else got the new feature of Cameos. Now it sucks because mine feels outdated, including cool filters. Do I have to purchase things to recieve something? Did I miss the memo? I have emailed, Snaped the Snap Team, sent my data to SnapChat, deleted and redownloaded...STILL NO CAMEOS FOR ME OR ON MY PROFILE! My phone itself is not old at all, so I can't seem to find out why this is. 1star until it is fixed. I will change it when/if this is finally adressed.",111437711720552981542,Ashley Zuzgo,https://lh3.googleusercontent.com/-0j80rCpXolc/AAAAAAAAAAI/AAAAAAAAAAA/ACHi3rdeoOXiyefkueI79Xb0HKfxdyvj_A/photo.jpg
com.snapchat.android,10.73.0.0,1579368948812,1,New design and logo look awful. Also I can't open the app by clicking on the notification unless I click it like 5 times so I usually just open the app directly. Doesn't seem to be an issue with any other app. apparently iPhones are getting some features first so I'm getting notifications to update my app even though there's no updates available.,106238867165534196413,Eric Goleski,https://lh3.googleusercontent.com/a-/AAuE7mC-mPOHu9qo9WvYirKUN5F9yal8ppMMMxxTGonT0A
com.snapchat.android,10.73.0.0,1579123573560,1,It won't stop glitching and I can't talk to my friends anymore!!!!!!!!!!!!!!!! !!!!!!!!!!!!!!!!!!!!!!!!!!!!! And I am trying everything and my phone isn't the problem it happens after a few years so that's why I gave it a 1 star if it didn't glitch I would give it a 5,117301826622404369997,Jennifer Vargas,https://lh3.googleusercontent.com/-lcqIoTj70K0/AAAAAAAAAAI/AAAAAAAAAAA/ACHi3rfQiOyNe84jFH-K1V9Cooq_K8Mzjw/photo.jpg
com.snapchat.android,10.73.0.0,1578966760937,4,"About what you expect from the description. A quick and easy way to talk to people whilst away or doing other things. Pretty cool lenses and such. Only issue is it's a battery hog. reinstalled it on my Galaxy S9, and within three days it used around 55 percent of battery, mainly background usage but when it's on foreground it uses 2x more. While I did charge it the amount of charge it uses is absurd for the type of app it is. Other than that, pretty cool app.",116932391896192559993,Ilya Pasternak,https://lh3.googleusercontent.com/a-/AAuE7mC2uKJ_88GSD1USGEEIqYFNCxTXMI-Q1paPxYu6Ew
com.snapchat.android,10.73.0.0,1579145452159,1,"Horrible, it will not allow me to sign up and when it says ""try again later"" it never works. I even turn off my phone and turn it back on and it still will not work. I uninstall the app then install it and it STILL does not work. So overall I rate it 1/5 stars.",117589703940148385693,Panda Gacha,https://lh3.googleusercontent.com/a-/AAuE7mDUml9O1AaXsn58u7a8obzXF9IcT2lcBspOGjRXvg
com.snapchat.android,10.73.0.0,1579452833134,3,On my current OnePlus 7 and previously on my OnePlus 3 the camera within the Snapchat app was way more zoomed in than the camera in the normal camera app . It did eventually get fixed for the OnePlus 3 and I hope the same will happen for the OnePlus 7. It's a shame that Snapchat's focus seems to be mostly iOS . Hope to see it fixed soon.,103138004009206001240,Pieter-Jan Sterkens,https://lh3.googleusercontent.com/a-/AAuE7mAdD_tb2QM2CJXUBmEn4dEO4EiAjvmzmLdJjlwriw
com.snapchat.android,10.73.0.0,1579372747389,3,"I wish I could enjoy Snapchat, but there's one major issue that ruins it for me. any time I record a video over ten seconds (sometimes even under), the audio and video get out of sync and it makes the clip unintelligible. I hope Snapchat fixes this issue so I don't have to deal with it anymore.",114119442115657345171,Leah,https://lh3.googleusercontent.com/a-/AAuE7mAn4JEtRrNyYXHaW-qdeHli883ojseN3k5ftttceQ
com.snapchat.android,10.73.0.0,1579196884047,1,"Cross your fingers you don't get hacked cause then snapchat will lock you out even after you change your password and verify your email. After several attempts emailing someone from support to help me unlock my account after it was hacked into, NOTHING!! So all my pictures and videos are gone. I will never use this stupid app again, I'm so disappointed that snapchat does not care about its users.",100048203821188263330,Arleen Gomez,https://lh3.googleusercontent.com/-dL835s69OxA/AAAAAAAAAAI/AAAAAAAAAAA/ACHi3rfM3XQrDVACGC1NtKJ8GCCJjUdiRg/photo.jpg
com.snapchat.android,10.73.0.0,1579234794900,2,"Usually don't have an issue with this app but the entire day today I've literally uninstalled and re installed 5 times because it refuses to show me anyone who views my story. All day it says ""0 views"" yet people have been commenting on things I post directly and it gets sent to me so how on earth does that count as 0 views? I uninstalled one of the first times and it showed my views, and yet again an hour later its showing 0. Please fix this.",113575236778386892644,Kristen Thomas,https://lh3.googleusercontent.com/-dNeo3OcVwWg/AAAAAAAAAAI/AAAAAAAAAAA/ACHi3rcvHBtxtR270DGe1h5SJg6Pk-L37w/photo.jpg
com.snapchat.android,10.73.0.0,1579442330034,3,I was logged in perfectly fine loved the app!until my phone stopped working for a while because it was to hot so i logged onto snapchat on my older phone perfectly fine once my phobe began to work again k logged out on my older phone and tryed to log in on my current phone and it said uh oh something went wrong please try again later so i tryed around 23 times all with a space of 3 or 4 minutes in between and still i cant log on i dont know if its the app or my phone it works on my old one still,118125610925140399868,CaitieTheGachaBear,https://lh3.googleusercontent.com/a-/AAuE7mB_78HSLhHCBP9OFyJuzvr1Yv5Uazn81HVueeQf7w
com.snapchat.android,10.73.0.0,1579408198701,3,"It's alright, gets the job done. However, it is laggy and slow at times, especially in comparison to iphone. The photos are also not as good, and videos not as smooth, but I still enjoy using the filters and playing with friends.",112084254230935128633,Christian Caporusso,https://lh3.googleusercontent.com/a-/AAuE7mCztvIEBWyv9cVsWI60TZUQEwFImSAU1eCqQ_zuSA
com.snapchat.android,10.73.0.0,1579384437562,2,Idk if it is just me but I have an Android right and all of my friends who have Iphones all get these massive updates and I never get them until like months after the update like for example I can't pin any of my friends and just about two weeks ago I was barely able to have the new sound for when someone on ur bestfriends list texts you. The app is so slow for Androids and it isn't fair,116647529958870601389,Payton Young,https://lh3.googleusercontent.com/-hdFX7VT2Gng/AAAAAAAAAAI/AAAAAAAAAAA/ACHi3rfsIagUuh2NADcIhuevBuVp-7gyzg/photo.jpg
com.snapchat.android,10.73.0.0,1579529005705,3,"The thing is when I do take pics and certain things like i can't zoom into the photo after taking the pic and it wont let me make the bigger stickers to fit the whole screen how am I supposed to do streaks if I can't spice up my pics or other things ,the games crash a lot and won't let me load and need to have new games",117832854242034138894,Asma Ahmad,https://lh3.googleusercontent.com/a-/AAuE7mAWzMArSKCrU6f9VxHweMIj22uglwhMHf9qc-1A-g
com.snapchat.android,10.73.0.0,1579213256764,2,I used to love Snapchat a lit but then my phone told me that they were using my camera when I wasnt in the app. I got scared because that means snapchat is able to me. It might happen to you to. My samsung sent me a notification that my camera was being used by Snapchat when I woke up in the morning. Please be careful with what/who you give permissions to.,118084107530694108023,The Daily Dragon,https://lh3.googleusercontent.com/a-/AAuE7mCqUJqtE742C53ama2cgOsJ5Xk0Z3Jnw9zmkUEW
com.snapchat.android,10.73.0.0,1579384654977,3,"It's a good app for messaging and pictures but I hate that you can't change your username. I created my username a long time ago and it's a terrible one. I want to change it desperately but I can't. You need to fix this because this is literally one of the most simple things to update. Not ranting, just sad.",113147228233301282011,Mj777,https://lh3.googleusercontent.com/a-/AAuE7mB2X3aGaWy7Vi7620UOoXAEea-jUuztPlokfj0bzA
com.snapchat.android,10.73.0.0,1579370053985,1,"I had to edit my review. Last weekend and this weekend were my 2 birthday celebrations. My snaps all lag and when I go to save my story, it no longer saves it. It throws all of my snaps into regular saved snaps. And the are choppy and laggy and wont go to the next snap.",114728325716901639412,Angel Vedaa,https://lh3.googleusercontent.com/a-/AAuE7mCNdglFyASWHB6FCmUt8Ohd2M9vO1FZRutUy4ql2Q
com.snapchat.android,10.73.0.0,1579548955927,2,"Used to love this app. However, i got the Samsung A20, and the selfie mode on your app, blows it out to the extreme. It looks awful, and takes awful selfies. Ive tried several ways to fix it, none have worked. This will sadly make me stop using your app.",114339760780222694117,Elisha Abney,https://lh3.googleusercontent.com/-GnM-h5PYZnU/AAAAAAAAAAI/AAAAAAAAAAA/ACHi3rc2DZZ9n1pOgmK19wsZZxsQYN1Njg/photo.jpg
com.snapchat.android,10.73.0.0,1579385634626,5,"I really enjoy the app, but there's things I miss and no longer have access to. The thing where you can change the color of stuff and the whole voice altering thing with the alien or robot, the pitch thing, and stuff.",113378899526922847704,Cristian Hank,https://lh3.googleusercontent.com/a-/AAuE7mDzw0ltmf8RzDajpFVXM8FQrqb6UKLfusNYqmUhVMk
com.snapchat.android,10.73.0.0,1579345840454,1,"Pessimo, devo per forza utilizzare la rete dati per mandare gli snap perch√© con il wifi non si inviano, mi dice ""impossibile inviare, riprova"" ma la mia connessione wifi funziona alla perfezione con qualsiasi altra applicazione. Per piacere risolvetelo. Very bad, I have to use mobile data to send snaps cause if I use wifi it doesn't work, it says ""could not send. Please try again"" but my wifi connection works perfectly with any other app. Please fix it.",103833566480529590085,Alexander Moz,https://lh3.googleusercontent.com/a-/AAuE7mAF45yIdXZmY-4xtkyzZkZdvdr6Bj5dCLxrr6cJHw
com.snapchat.android,10.73.0.0,1579059618009,3,"Recently my on my snapchat my friends stories arent there. It says ""Friends stories will appear here"" and i check my chats and everyone i have on snapchat i have people on there and its giving me notifications that people are posting on their story but their stories aren't there in that spot they wont load up and its getting me ticked off!",111550444685207196613,Summer Zavala,https://lh3.googleusercontent.com/a-/AAuE7mCd6opZJDvgDQX9m8BwMkE93snUTrqhCRErZJI1
com.zhiliaoapp.musically,14.7.2,1579514423917,4,I think TikTok is one of the funniest apps you can get on mobile devices. But I been having problem where when I got to my following page to see videos the videos with duets get stretched to where it makes the video look strange. This also happens sometimes when I got to my following page and see just a regular video or even sometimes on the FYP. Can you please find a way to fix this.,115447742670301916075,First Last,https://lh3.googleusercontent.com/-ycxNpPVOiLM/AAAAAAAAAAI/AAAAAAAAAAA/ACHi3reVrPYvI7N4UgnLaaCsXCnNBJcJVw/photo.jpg
com.zhiliaoapp.musically,14.7.3,1579543109114,1,"This is a very good app but the problem is that when I logged out of my account I could not sign back even even with the username and what should be the right password, I have been trying to get back in but it has not been working so I have just made another account for now. But I would like my old one back because I have some videos I haven't posted yet there. Also another problem is that I'm not able to like things on my account I signed out of, which is why I signed out of it to try to fix it",110666198891140848151,Buggy Jamaa,https://lh3.googleusercontent.com/a-/AAuE7mBA3c3KB00HdMzlxTKjpR7de9auubxj9TrUhMswBg
com.zhiliaoapp.musically,14.7.3,1579495129162,5,Now tik tok has improved alot and I just downloaded it for fun but it got so addictive I keep watching all the videos. And recreate some and hubby is over there trying to go viral on the for you page. Super cool app. Easy to edit videos . Dislike that I cant update the video title once it has uploaded. Like for example if i want to add a hashtag or tag someone i cant after uploading it. But besides that super fun app,117824363192303397015,Cristhina Perez,https://lh3.googleusercontent.com/a-/AAuE7mBcN5Cq9QQdUxpkowzRGbafsNAi48T0tDMovqSe
com.zhiliaoapp.musically,14.7.3,1579492436409,3,"When it was musical.ly it was amazing and all about lip syncing, but when it updated to TikTok it became all about ""comedy"". To the developers, you should get musical.ly back and have that be like the original version, but keep TikTok so all the ""comedians"" don't invade it again. Thanks for consideringüòä",112240191821961159499,Green Bean Basil,https://lh3.googleusercontent.com/a-/AAuE7mDT-ZhdiMpiO4Btvnc2grHm9bQ280MZns5FHls1Dw
com.zhiliaoapp.musically,14.7.3,1579475086529,3,"I like the app, I've had it for about a week now, but for no reason at all... I can't like posts anymore. It keeps saying I'm tapping too fast even though I'm not. Wth?? I've restarted my phone and uninstalled and reinstalled the app. It's been like this all day and I can't do anything about it.",106947840464765005649,Amber Hilton,https://lh3.googleusercontent.com/a-/AAuE7mBR8GauwMmoOQHF_WMlgu0sg493SqVb0_asLnNE
com.zhiliaoapp.musically,14.5.3,1579209198984,5,"This is a very addictive app where you can do videos and post them or keep them in drafts if you dont want them to be shown, you can get a large amount of and followers and likes by posting many videos you can also follow all of your favourite famous people such as the Rock, Charli d'melio,James Charles and many more overall if you want to show of your hidden talents download this app.",100848439722644678552,Carl Weatherall,https://lh3.googleusercontent.com/-xn8wPLFKVd4/AAAAAAAAAAI/AAAAAAAAAAA/ACHi3rdvGfHIUXv5cBYiEPsdEcG-Lezmdg/photo.jpg
com.zhiliaoapp.musically,14.5.3,1579558219603,2,"Idc if the app thinks that it has enough users on it or something or that it is up there, but it's not sending me the code. At all. I resended it many times and it's still not working! For no reason at alllllll. I wanna make a another account but I can't because of some stupid, unessary,and utterly useless code system. Please fix it to make your codes send faster and send PERIOD. It's really annoying. Once this gets fixed I'll change my review.",112292683845866454672,Pauline Celormy,https://lh3.googleusercontent.com/-LH1WqVixkC0/AAAAAAAAAAI/AAAAAAAAAAA/ACHi3rejpcrAbmx23HyS-4CD1qKv33nGjQ/photo.jpg
com.zhiliaoapp.musically,14.2.4,1578769368566,4,"This app was perfect and fantastic until it got all of these updates. This app will end up like Fortnite. One problem I came across is that when you want to like a video i cant. It says you're tapping to fast, take a break. That is ridiculous. Another problem is that I cant go live. You should be able to go live so you can interact with your followers. Please fix this. ~Thank You",114186553268853262277,Delontay Isaac,https://lh3.googleusercontent.com/a-/AAuE7mBh0AlZABjCwCZ2kA_E8kekqzIrVe-R4_wRfCgo
com.zhiliaoapp.musically,14.4.1,1577301366605,4,"Tik tok is a great platform. Initially I thought it was only young girls dancing. However, there's a ton of other content: political views, sport, how to stuff, comedy, conversation starters, art. Such a variety. The app itself could have more features or be more intuitive on how to use it. I find what you can do with it a little limiting. But it's totally worth having and very entertaining.",107054089402344885391,Yure Radojkovich,https://lh3.googleusercontent.com/a-/AAuE7mDmSh9_sDNXyFedZPwP3oZZhlBrc5BRTxU8ZHhumQ
com.zhiliaoapp.musically,14.5.0,1578588339745,4,"The app is amazing! Very addicting and open to all communities, but recently I have been having a problem with my for you page. It is mostly only showing videos from foreign countries, specificly Countries in the Middle East. Before this happened I got lots of videos related to my interest, but now i barely get any. On these foreign videos I 9/10 will press not interested but it hasn't changed anything. I have changed my password incase of being hacked, but it's still the same. Help!!!",101106594324659601021,LexuLexuLexu,https://lh3.googleusercontent.com/a-/AAuE7mAKw2CxVHMlN_ScgvWrBarGWdATRAQuqv2QI8u02A
com.zhiliaoapp.musically,14.3.4,1578508047349,4,"It's a good app, although I had some trouble while signing up,and I had to download it on another device, then create my account on that, then delete it from my other device. And, sadly, some sounds get copyrighted and it makes it unable to use it (obsessed by Mariah C has been copyrighted), which should be checked before it is created. Overall Tiktok is a fab app, just those little things make it more difficult. But on a different note, Tiktok is fantastic, and is great for when you're bored!!!",112017176510514279626,Hamsteriffic Hamsters,https://lh3.googleusercontent.com/a-/AAuE7mAJWJwqnOKSKvLQxg_UqiPe19NqR4kqsBIJIU1_
com.zhiliaoapp.musically,14.3.4,1577486000808,3,"I love it but it was working fine this morning and then it glitched I went on it about 3 hours after I was last on it and I tried to like a video and it said ""you are tapping to fast, please take a break"". So I uninstalled it and loved back into the account and it was the same. It is really annoying because I can't like any videos I see and like. Please fix this bug thank you",107553472856027170683,Stardust Oceanz,https://lh3.googleusercontent.com/a-/AAuE7mBP7kZaLoYQvh3ZhncHO-lSwXrLdFoRfVAPOhbwDQ
com.zhiliaoapp.musically,14.3.4,1577537560839,2,"The app overall is great but it has a HUGE PROBLEM. It sends out fake notifications to make you enter the app. I got scared to death today when i got a fake message saying ""Don't talk to me ever again"". TikTok I really like your app, it's entertaining. But you simply CAN'T DO THAT! A notification is important, don't prank your users with them.",102282079805941043047,Paul Becher Herrero,https://lh3.googleusercontent.com/a-/AAuE7mCuQAmbZ4u3P3EDB1o7d1OCMIsubgGDJa9Mh1Qsi1s
com.zhiliaoapp.musically,14.3.4,1577703918500,4,"I love the app! I met 2 of my bestfriends on here so I definitely do not regret downloading. Its really a great app, tho the only reason i am giving it 4 stars instead of 5, is the memory issue.. It takes up about 1.5 GB! I tried installing TikTok lite, and i dont like it at all. (I am not going to start talking about all the issues on TikTok Lite). I dont have a small memory on my phone + i have a 30 GB memory card. So please fix this",114184998852947588080,Future Queen Olympian,https://lh3.googleusercontent.com/a-/AAuE7mCnwYXuiJJLi7Jx2ywjRae4ertCxvmTXgUIvPy54w
com.zhiliaoapp.musically,14.5.3,1579532995750,5,"Honestly, it's so entertaining and addicting. There are SO many cool people on this app, u can follow them and also become online friends! Some people are comedians, some are singers, fashionista or dancers ü§∑üèª‚Äç‚ôÄÔ∏è theres always new trends going around wich are always fun or relatable to make üòÑ. I've had an amazing experience on this app and no I'm not being paid to say this. You should try downloading tik tok and no, it's not that cringe.",102385936680518933526,Anaclaudia Amaran,https://lh3.googleusercontent.com/-qLLET7S_IP0/AAAAAAAAAAI/AAAAAAAAAAA/ACHi3rcNXHyM5x4fAy2T8UicTSKEfhJizQ/photo.jpg
com.zhiliaoapp.musically,14.3.4,1577637748245,4,"I love this app, however there's a small problem. Since this morning, everytime I try to like someones post, it keeps saying ""You're tapping too fast, slow down."" so, I left the app and came back to it around half an hour later and its still the same, it won't let me like a post. I hope this gets fixed soon..",105261437747470488637,BTS IsLife 22,https://lh3.googleusercontent.com/a-/AAuE7mDzRx_3gbBiceuFbNe3i2J5o2rjEYDoJqpj7Ay3
com.zhiliaoapp.musically,14.3.4,1579500799155,5,This app is rather ok. First when i installed it it was lretty high tech. I had no problems watching my bids and it was goid. I really wanted to comment so i made an acc. But..IT DOES NOT FREAKING WORK it took me a long time to manage the acc. When i finally finished making the account i could not comment that was the only thing i made the acc for and could not talk or anything It kept saying Not available It Was annoying I think this app is great overall i think its just my device ;-;,115081865688686010702,Cookie Karma,https://lh3.googleusercontent.com/a-/AAuE7mCwY_DgKPgQ3r4VeqNH3gK2qhQmjspP-_iH1q2l
com.zhiliaoapp.musically,14.5.3,1579473892259,4,The best app! There are a lot of good tik tokers on here! But one thing i should say is if you have a samsung tablet the new updates and trends wont show up like they would on apple. And the camera is so laggy on 1x so i always have to record on 0.1x. But either than that it is very addicting! (but sometimes youll miss your favorite trends!),116657356207552997504,Crystalhusky9,https://lh3.googleusercontent.com/a-/AAuE7mB7F7XJDLnXY2jiHQ9KSiyCcR7WO0emfmOsct7V
com.zhiliaoapp.musically,14.3.4,1577502838034,5,It's been acting weird since the last update! Favorite app right now but I can't get it to open ever since the latest update... 12/27/19 ***UPDATE*** Saw support reached out to me and I saw the message in my spam just now. The issue resolved itself probably a day or so after my initial review. It's my favorite app and I want to marry itüíú,115594348986452478308,Devon Williams,https://lh3.googleusercontent.com/a-/AAuE7mAgakga4XNAJxf2EwFlh8d9NhwKIZzI6OAQDgBo
com.zhiliaoapp.musically,14.4.1,1577399300461,4,"Great app in MANY way!! But it has a few bugs that NEED to be fixed: comments won't always show up, when someone @ you it won't always show you, messages won't always show. These are just mine main problems and then of course the shadowbanning. But it is a wonderfull place to watch funny entertaining videos, make new friends, create own stories and live out your creativity!",109048517796968103631,Andy Galko,https://lh3.googleusercontent.com/a-/AAuE7mCy-2n6nuvqPmS5jxaw4rWypbxI5znM2t4eZ0f_Jw
com.zhiliaoapp.musically,14.5.3,1579529619194,4,"Suuuuuper addictive because there's just always more content when you swipe through...its literally never ending. Spent a good 3 hours on here the first time and legit thought 20 minutes had passed lol I do wish the interface was a little more intuitive and PLEASE FOR THE LOVE OF ALL THAT'S HOLY, FIGURE OUT HOW TO DO VOLUMING LEVELING! It's sooooo frustrating having to go adjust my volume every other video üò° but other than that, obviously a very fun experience overall üòâ",104716152799684123942,Chimene Pelletier,https://lh3.googleusercontent.com/-TBiQdmn7kmU/AAAAAAAAAAI/AAAAAAAAAAA/ACHi3rddYZRVwAKA-Ycb74wCVFIV1W0EgQ/photo.jpg
com.zhiliaoapp.musically,14.3.4,1577424510672,4,"Great app, addicting, time passed but when you like too much it says to slow down and I can't like a video for 5+ minutes and it gets real annoying real fast and what's the purpose of that? Please fix or update this feature. And I can't remove the phone number from an account if I want to switch to a new account please fix or update that too.",110617365379816463158,Logan Wilson,https://lh3.googleusercontent.com/a-/AAuE7mD3yh_eLbiF6eUt1GrMHeipYT5geefU3rv-QbHx
com.zhiliaoapp.musically,14.5.3,1579472853155,4,"This app is definitely one of my favorites but when I like a video it says that I'm tapping too fast and should take a break so I don't go on tik tok and the next day it says the same thing, I tried uninstalling it and then installing it again but it still says that. This issue definitely needs to be fixed",103687472485830537428,Julia_Costcodacatlover 2008,https://lh3.googleusercontent.com/-TLMiIu2TXWk/AAAAAAAAAAI/AAAAAAAAAAA/ACHi3rdvbEIc7n1Vu-nzdMTr54pgTXXaYQ/photo.jpg
com.zhiliaoapp.musically,14.7.2,1579251268703,3,The reason for your 3 stars is because you put music on mute and when I use your music you put it on mute. I'm not on tiktok much because of how the owners on this app are . But I do still post videos but not as much . I have friends on there and watch there videos that's why I still have the app. I don't like how you mute videos it's very immature of tiktok. You don't go by your own guidelines. So you mute or take down people's videos. Why do you so that. I wish you would leave my videosalone,102002985181373166864,Charlotte Shryock,https://lh3.googleusercontent.com/a-/AAuE7mBjvOZ6Ffz6CMkRNwzUEge7BjxcFWq97yjJq3J4
com.zhiliaoapp.musically,14.4.11,1578532516374,5,I love this app :D But whenever I record a Tik Tok it always makes this weird static noise....I really want to make more Tik Toks but the noise is so loud and so annoying...I honestly don't even know if its because of my phone or the app.....But everyone tells me that its because of this app... EDIT: I've noticed the wired static noice in other apps too so I guess it isn't just Tiktok. Really wish I knew why it keeps making that noise..Anyways now that I know it's just my phone..üòÖ 5 STARS!!,102786377922953654299,Meowth and Victini lover Forever!! X3,https://lh3.googleusercontent.com/a-/AAuE7mAFAMdJWtZ1xQBVMXuZpge2mNVmZuDeh0aH9vA8gA
com.zhiliaoapp.musically,14.3.4,1577844556765,4,"A very fun app to make videos with, community is great and pretty much the only social media app I use which says a lot.3 complaints I have tho.1,there's no filter option for the search (eg user AND sound).2,people should be required to name their sounds so they can be found easier, cause ""Original by so n so"" is very common. 3,the algotithm for spreading videos is f'ed up, my most seen video is also the most boring. But overall it's a fun app!",104572302632802556372,Abbey Welch,https://lh3.googleusercontent.com/a-/AAuE7mBrlw1psT0Zo_xzoUIJ_9wr8MY6E35oa1ME5Vha
com.zhiliaoapp.musically,14.3.4,1577181261103,2,"The app is fun and well made but- there's prominent problems. The algorithm for one, things that I've seen before or just.... Really don't like get put on my fyp. Also, audio clips will cut off unless you add them in the footage yourself on another app. Also, the rule enforcement is very bad and a hell of a lot of videos slip through the cracks and it's just unacceptable. Also the fact that you have given American and other counties users information to other counties us just.... Really not okay",116285273135761347764,__ The Triple A Battery __,https://lh3.googleusercontent.com/a-/AAuE7mB2OgR_sjwtYJ46E9MU3ci_M56qLjrvfj2Hfi69xw
com.zhiliaoapp.musically,14.4.4,1577974196322,5,"Generally i love the app. The community can get cancerous somtimes and you will occasionally stumble upon completely uncreative, contentless videos. The main problem however, is that the app has stopped working for 2 months. When i open the app i get the *no internet connection* error although my wifi is working just fine. Plz fix this problem. Edit: Tnx for listening. The problem is now solved.",100463163639690316291,Ashkan NA5000,https://lh3.googleusercontent.com/-zJQejIyb6Ec/AAAAAAAAAAI/AAAAAAAAAAA/ACHi3rcn1MRVujOQr2a-ZCYPJPOzUokgEA/photo.jpg
com.zhiliaoapp.musically,14.3.4,1578539143628,4,Probably the best app I've used on my phone along with Youtube. My only complaints are the video maker is kind of basic and some videos I saw made me feel uncomfortable or seemed questionable to me. But other than that I have enjoyed this app for almost a year. I totally recommend this to any friends or family members.,100885927228209302814,Roland McMillan,https://lh3.googleusercontent.com/a-/AAuE7mD1J5J0HtyAo4sgq1ZU0TpZvPp4l5drdDvJIb8NHA
com.zhiliaoapp.musically,14.4.4,1578177649024,5,"I never used an application that let me be creative with multiple choices for setup.. the best way I can describe this app.. unique:) parallel to the unique, is the technique of the discreet. and opposite the goal of success is attempt. Its creatively designed for the curious interaction between the seeker and the unknown hidden hider within interactions disguised as genius creations! which in fact they are!",113545050422986930638,KANSAS ScottMichaelSanders,https://lh3.googleusercontent.com/-i5qvGR5V7iE/AAAAAAAAAAI/AAAAAAAAAAA/ACHi3rf22TT2Dm9t6zFchQhSnxoXNQgoRA/photo.jpg
com.zhiliaoapp.musically,14.3.4,1577384770904,5,"Let me say, I downloaded this app as a joke and I am impressed the app can be genuily entertaining. There is a lot more here than just cringe, there's stuff for art, photos of the world, sports, politics , and of course the infamous humor. There's many more things you can do on this app and overall it's a lot of fun I'd recommend this app to anyone interested.",110951595036867189995,Mildewy Storm,https://lh3.googleusercontent.com/a-/AAuE7mAE49Z0cP8ht5M2KcLvRnQVzCjybQhrjhtYKKat
com.zhiliaoapp.musically,14.4.11,1578528500551,4,"I enjoy the creative videos, but find replies to comments in the comment section hard to navigate and confusing as they're separate from the original comments. Also the writing and captions on the bottom left corner make it difficult to read some videos where people have placed writing and would suggest the option of the writing to disappear after like 2 secs or so, so people can view the whole video.",107874950077758220052,Renee Skinner,https://lh3.googleusercontent.com/a-/AAuE7mCS4z7OdapZR8Ut2imJ1iGiT7-I0AtoU5obT3dGbQ
com.zhiliaoapp.musically,14.5.3,1579475980737,1,"I love this app, my only problem is i would like my old account (@evaxxxk) to be deleted but i cannot remember the password. I can prove it is my old account as this (@evaaaa478311) is my new account. I have tried logging in again, reporting the account etc. Please delete @evaxxxk please and i will give a 5 star review. Thank you for reading, hope the account gets taken down soon.",103300777179252609847,Eva,https://lh3.googleusercontent.com/a-/AAuE7mCk39s_W6QbzyVSEVdCEXNeeGmRRtxGyP56q6rDpQ
com.zhiliaoapp.musically,14.4.5,1578277862323,5,"It's not letting me search songs or videos and hashtags. I can't even go on people's profiles. All I can do is look at the trending hashtags and hot videos list, but now the hot videos list is empty. I really like this app but it needs to be updated. üòî Edit: It was under restriction mode, but its fine now.",110618060750788867216,Jenice Walters,https://lh3.googleusercontent.com/-F-tIzn3Xtak/AAAAAAAAAAI/AAAAAAAAAAA/ACHi3rfuSb7hI1SkgOVojkPe2nrVEHUZkw/photo.jpg
com.zhiliaoapp.musically,14.4.2,1577402305956,3,I like the app a lot it helps me show off my cosplays but I have 2 complaints. 1. I'm very much shadow banned (meaning no one sees my stuff) and I dont like that I put actual effort in my things for it not to get noticed. 2. Ever since the latest update (12/26/19) I cant like anything it keeps saying I'm liking to fast when I haven't liked anything in hours. Please fix your app thank you bye,101935748884352481929,BunBun Art,https://lh3.googleusercontent.com/a-/AAuE7mAoVFI7iS6cmaOSvXWiR-XToQ4IF8esPZj3uyIfpA
com.zhiliaoapp.musically,14.5.3,1579475714758,1,Unfortunately lost the ability to edit length or order of clips with no explanation. This makes the type of video I do impossible. Support basically hasn't responded for days after I initally reported it which is why I dropped it to one star. If it worked it would be an easy 5 star as it was very fun at first.,107262184403556089896,Charles Hoppner,https://lh3.googleusercontent.com/-NdOMeqhuZZg/AAAAAAAAAAI/AAAAAAAAAAA/ACHi3rftzOn6vWwJLmkVaOndh3yt1-h5fw/photo.jpg
com.zhiliaoapp.musically,14.3.4,1577746375870,4,"I love this app and everything but the only problem is that you can only go live with 1000 followers , also the adds they put are really annoying like I only want to watch videos not adds. Other then that the app is great but I dont think its for 11 and down so 12+. So I really reccommend this app if u like making vidoes and if your very creative and talented.",111970417625771722911,Mariah Gutierrez,https://lh3.googleusercontent.com/a-/AAuE7mC365LW5--IZ5rjUWj0tWfWF4Z-EoqSwbi3Ltas
com.zhiliaoapp.musically,14.4.6,1578266739276,4,It's an amazing app I'm on it all the time. But When I woke up I liked at least 5 videos then It said I'm tapping to fast. And it's said that the whole day. I haven't been able to like a video for pretty much the whole day. And one time I was on tik tok at 2:30 AlM it said I was tapping to fast and when I woke up 11 hours later it still said I was tapping to fast,112810945384056692947,A Noob Gamer,https://lh3.googleusercontent.com/a-/AAuE7mALhuON1Ky4vscY2aXYA9dto52gBqllBAGdqpyb
com.zhiliaoapp.musically,14.3.4,1577920488324,5,"I love this game I think I had this since like last year I think.. But if you download Tiktok it's a lot more fun inside! Once you are inside of tik tok you could see all of these videos to watch but you can even make your own account! It's really easy to use Tiktok and when you have your account you can start hearting their videos but you can duet with them, Share, And save the video! Once you have it Twice the more fun! It's pretty fun when your in Tiktok and making videos with your friends!!",110989122199463641346,May Bell,https://lh3.googleusercontent.com/-3uTWUcMamag/AAAAAAAAAAI/AAAAAAAAAAA/ACHi3rcmLNdJ5f8Mn14iaaajs8I8Ms0iPA/photo.jpg
com.zhiliaoapp.musically,14.4.4,1577898086004,5,"My only issue is the whole like system, reason being that of course over time your going to like a lot of things, and to go back down to the things you've liked is frankly a pain and too many to go through all of them. If we could maybe be able to create/ have not playlists but like little categories for where we can see certain types of things we liked to keep them more organized and less lengthy that would make the app great. Otherwise the people on thid app r creative and it's really fun lol",114171954545644884215,Storm Raven,https://lh3.googleusercontent.com/a-/AAuE7mB67h49R1kblk1HO9vj9jdLEvkC9LpK4YWgPWVzZw
com.zhiliaoapp.musically,14.3.4,1578192652273,4,Its an amazing app and easy to use. I just hate that peoples videos get taken down for no reason. Videos get reported by other people because those people have a problem with it for no reason. Then TikTok takes tge video down even though it doesn't violate any rules of TikTok. Its stupid and childish but the producers of TikTok are too lazy to check the reported videos to see if they really do violate the rules. That should be fixed or else no one is gonna like TikTok anymore.,101609020167847226461,Chellwolf,https://lh3.googleusercontent.com/a-/AAuE7mDdvTtInbyWat5HPpV_hNt6qVBcpDPg-r_cd9lD
com.zhiliaoapp.musically,14.3.4,1578017372087,5,"This app makes me happy that I get to show everyone what I'm made of. I love watching my old videos and new videos. But also getting to watch other people videos . It's cool that I get to see my family videos. You can text on Tik Tok. Lastly, your app gives you notes to know that someone follows you,likes one of your videos, comments on your video or just letting you know that someone you follow post a new video.",107791743691328707906,yaya gibson,https://lh3.googleusercontent.com/a-/AAuE7mDhnyl-isGGpAkOzj7ZmyGM10IqA3opmXU0QlGm
com.zhiliaoapp.musically,14.5.0,1578483442453,2,Ok so it's me again and again there's a problem I can't like any videos not even my own and sometimes when I try to make videos the whole thing is in slomo for like 2 seconds and that makes my timing of when I film . But otherwise this app is great. hope the people on tiktok read my review and try to help with the error. thanks for your attention,111882846504218680924,Katr√≠n Salka Oddsd√≥ttir,https://lh3.googleusercontent.com/a-/AAuE7mA9JvvMYMNjpC4YAin3rzxapJ8wt0SoW_Wrr6tY3A
com.zhiliaoapp.musically,14.4.4,1577766170345,4,I really like this app but sometimes it does not really let you make videos. That sucks but other than that I LOVE this app. Also a change would be for not bad songs to be on here. I know little kids are not supposed to be on this app but still. Other than will of that I actually think this might be one of the best games I have ever played in my life. And really this is not a game anyway,103884948689791323162,Avah Bockes,https://lh3.googleusercontent.com/-n0Si4sLnhjw/AAAAAAAAAAI/AAAAAAAAAAA/ACHi3rf72tZqbbJKLD184k4UTVgWfj8Skw/photo.jpg
com.zhiliaoapp.musically,14.3.4,1577282622569,5,i love this app i just find it annoying when it cuts me off the game and glitchesi also dont like how when it doesnt let me film when all my permissions are on anyways other than all of the technacal stuff i still gave you a 5 star fantastic apps just a few things to work on xxxxxxxxxxxly!!!!!!!!!!!!!!!!!!!!!!! you better fix all the mistakes btw dont take to offence it is probobly one of the best apps literally everyone has this app there are alot of perverts out there keep it a safe enviroment,110489408632917252913,sophie kerr,https://lh3.googleusercontent.com/a-/AAuE7mCFDLn4b3m6JVEAVi6aDkQE4dhqfxtqgvLcgukZ
com.zhiliaoapp.musically,14.4.11,1578526978247,5,I would defiantly recommend this app to people aged 12 and up. It has such a friendly community and such a large variety of people and creators too. I wouldn't recommend this app to little kids because there is a lot of swearing and crude humor and you don't find much content for younger audiences. And if you do they usually slip up and swear every now and then or they completely change how they are and act. But overall really good app.üëç,104093886913099134377,jada roofayel,https://lh3.googleusercontent.com/-3OPw4JZmyhw/AAAAAAAAAAI/AAAAAAAAAAA/ACHi3rcgGDjNKhU7iNbaRzOwYkjcZIqbOQ/photo.jpg
com.zhiliaoapp.musically,14.5.3,1579501689623,2,I can't change my number. I changed my phone number and bought a new SIM card with new number in it. Now I'm in tiktok wanting to change my number but I can't. it says it has to send SMS to the old number that I DON'T have... You guys should really update this app and remove this feature.,109181322266845030181,Howl Pendragon,https://lh3.googleusercontent.com/a-/AAuE7mBvJemBb_6Ir1N9cNBX2bCvDqAjIAcuHAN4PNhU-Q
com.zhiliaoapp.musically,14.3.4,1577775784353,3,"2 ways to improve the app. 1. Better control of screening out inappropriate videos for kids. If something is 18 plus it shouldn't be shown to kids 2. Categories for your page. Have different categories on your page so it's easier to find what you want from the person like it you want cosplay, motivational, music or even videos to duet. This way your followers can find the video of yours they're looking for easier",112147064279299560011,Joemazing robinsky,https://lh3.googleusercontent.com/a-/AAuE7mCaCio2h3q-MQZLzy9ZtMf4Ni3JvlEX5uUHMYchTQ
com.zhiliaoapp.musically,14.3.4,1578417618288,2,This app is good for making videos for fun or timepass. i've downloaded this app since 6 months i think so. At the begining this was great and haven't showed any error or problems but since 2 months its not working well. Whenever i try to shoot a video the audio sound and the lypsinc doesn't match due to the app cuz it stucks while making videos. So plz fix the error otherwise this is a great app,106433698568273143784,Samreen Sheikh,https://lh3.googleusercontent.com/-90wDw6EYZpM/AAAAAAAAAAI/AAAAAAAAAAA/ACHi3rcJWrLx3oEgZIBMqpkUzHfRLEj-RA/photo.jpg
com.zhiliaoapp.musically,14.3.4,1577627895417,5,"this is a great app, recomend to everyone to get the app. 1 little thing though, whenever i have internet/connection it always says i dont have it. the short videos are great and funny. eventhough some creators may be very famous and others not so much. the people who have less followers i prefer because the videos are sometimes more entertaining and funny this is just my opinion on this dont hate on me for it the more famous creators are very good aswell but im supporting both sides of tiktok x",101937342505689866059,Cailagh Corstorphine,https://lh3.googleusercontent.com/a-/AAuE7mCjDl7_EcyFjbJQaUmMbTQE0ie3UlYz4Mu8l6iB
video.like,3.19.2,1579037293479,5,"Love this app so much, I've been on it going on 3 years. Yes it has glitches but all apps have glitches. There is one thing that bothers me, I know Likee is competing with Tiktok, but they don't need to turn into Tiktok. We can no longer manage our own hashtags because they decided they wanted to make the hashtag section look like Tiktok. Likee is better than Tiktok, the community is way better. Likee doesn't need to turn into another version of Tiktok.",108184463038165107701,China. B,https://lh3.googleusercontent.com/a-/AAuE7mBB_x-cw49eZCuuFAuPabNfy05X7uHlAUrjQG-nGw
video.like,3.19.2,1579514634132,1,"The advert of this app that I saw on facbook was about photo editing. But after instalation I found out that it has no business with photo editing. It's just another social media platform that am not iterested in. I was really disappointed. I wish there was a zero star, I would have given them.",105662004683005207014,Kenneth Akoje,https://lh3.googleusercontent.com/a-/AAuE7mCyJ-Npk0Xd_p53A86kXSge-k0VLm2EoyRT3OZU
video.like,3.19.2,1579324254901,2,"Good app but till it wasn't updated. After the last update, if you play a video and receive an incoming call, hang up the call and observe. Video keeps playing BUT with NO ""sound"". This sound issue need to get fixed before I uninstall this app. Your co operation is appreciated. Cheers",114932919169999283880,Tinko khan,https://lh3.googleusercontent.com/-XxGGRp3LtjA/AAAAAAAAAAI/AAAAAAAAAAA/ACHi3rcnDjXpHw-f6dLWYGJXuh4kXuqGQg/photo.jpg
video.like,3.19.2,1579544630085,3,Okay Sofia next update please fix your block list because everytime I unblock this person it just keeps on popping up back like if I'm blocked off all the people that have blocked in and I come out of it and I go back into it there are there just please fix it for your next update please or else I don't know what's going to happen just please fix it because I can't I can't it's annoying and since your feedback so please with pricing and I'll do something thank you.,110342561949288152043,kavecia world,https://lh3.googleusercontent.com/a-/AAuE7mBRjEAsBUSOiK8sfr9PCiFe-1JS2g6LDK-52ZurLw
video.like,3.18.3,1578582426043,5,"This is a really good app, it shows you things that really interested in and shows you things that you like. There are a few issues here and there but it's understandable issues that I can deal with. As said before this app Is a really good and fun app.",117347319451155675159,matutine masterfulness,https://lh3.googleusercontent.com/-boV3LJCNNeg/AAAAAAAAAAI/AAAAAAAAAAA/ACHi3reMCslOWAGK7gG6EVZzI2MbUeVdZA/photo.jpg
video.like,3.19.2,1579493485024,5,Theres allot of fun stuff on thus app its just like tiktok but a little different so you should defenly download this app youll be obsessed with it so make sure to download it its really fun you get to do videos and it gives you allot of time people easylie see your videos and you could get allot of followers i have 5 in my first day that i downloaded this app its lit so dowload it its free likee sucha cool app long text so yeah hope you enjot the app play thus app as long as you can good luck f,118240335721737651807,Yareli Duenas,https://lh3.googleusercontent.com/-sZkJBZeKBQ0/AAAAAAAAAAI/AAAAAAAAAAA/ACHi3rdnwyAZy4UgS8N9NxlU8lXQZa04Mw/photo.jpg
video.like,3.17.3,1577988127837,4,"This is a great app but, I have a few questions and statements. 1. Why did yall remove the be-able to send a picture/video/links? 2. Please add it back, Gacha people need that feature. 3. Emojis in live streams, why not? What's so bad about it??",103474441568138947812,Tatym -3-,https://lh3.googleusercontent.com/a-/AAuE7mDjtZrQIbzDL_oq1Tv8yfswOXpkSHUni97tLMSnPg
video.like,3.18.3,1578637114801,5,"I have trouble making friends and even though you dont really talk to the people on here, this app always manages to make my day 1000% better and it just helps when after a while they understand what type of videos you like to watch its near perfect.",107941404396825169986,Utlwt aAHxO,https://lh3.googleusercontent.com/-SS9YDad3rZI/AAAAAAAAAAI/AAAAAAAAAAA/ACHi3rc9e-t6OJVtVZfOIL-n8kkyzMxWjw/photo.jpg
video.like,3.19.2,1579548869085,5,"I love this app so much! You can, make videos, online friends, And even message! I use this app every single day! Install this app please it's a really good choice. My username is: ^|‚Ä¢R√∏xanna‚Ä¢|^ . I can't send pictures to mah friends anymore please fix that.",116436264865223911248,Amy xoxo,https://lh3.googleusercontent.com/a-/AAuE7mAOa8IqtFuZmDt6L5--a17olWwT85tLXtYTTgC8
video.like,3.18.3,1578561405561,5,"""Likee is fun and creative. I love the app and it is fun to see other people post and to make you own then post them. I realy love Likee and so do all my friends. it is fun posting things that happen or to make up your own storys and add muisic to what you want to post. Short video apps like tiktok and likee are great choices for you to kill time and share your stories. I prefer to Likee because of the original video effects.""",117910773617452515522,UlEOh kbjuA,https://lh3.googleusercontent.com/-MubjwXaHlwY/AAAAAAAAAAI/AAAAAAAAAAA/ACHi3reQKmGYlkf1VOsBUQmq8LSE2zubAQ/photo.jpg
video.like,3.17.3,1578122382382,3,"I love it but I have 2 concerns 1 they have robots which are weird and leave comments and likes on your vids and 2 it deletes your vids for no reason just for using other apps I think likee is doing this to not mention others apps so they get fame and everyone downloads it...oh and I made a hazbin hotel edit and some other things and when I went back on the other day it said ""Delete"" with a garbage can on top..this app needs a little improvement...",109193533579015147370,Alastor √ôw√ö,https://lh3.googleusercontent.com/a-/AAuE7mApoljs2wC_dSPCQ8FuS9YQyjXhU18tej9ipMWK
video.like,3.18.3,1578562908123,5,"Excellent app. Likee is very easy to use to turn photo to videos and create videos for the world to see! I would like to see more editing options for the videos using the app as it evolves, just like inshot and tiktok.",111108864382210667791,EmDOk PVDAU,https://lh3.googleusercontent.com/-pwVNYlIcAGE/AAAAAAAAAAI/AAAAAAAAAAA/ACHi3rejYRUwRhO4MYM_NGzCs1AiQaLThQ/photo.jpg
video.like,3.18.3,1578629683548,5,"It's very interesting and everyone can enjoy this app and we will get a knowledge of many things. One thing I would suggest for Likee is the options for musics, which can be improved compared with tik tok.",106702261707999541155,distinguishing Amphipleura,https://lh3.googleusercontent.com/-6vq7DDjrFMQ/AAAAAAAAAAI/AAAAAAAAAAA/ACHi3req10Fh30uDxE5j2Ysoh-jICgZLcQ/photo.jpg
video.like,3.18.3,1578440721838,5,"The 2nd short video app I tried after tiktok. This app is really fun to make videos and we can see other people's creative vids. But I found some videos are similar to each other, not sure if it is copying ideas or contents.",100283849475464987478,Rmphbe Borman,https://lh3.googleusercontent.com/--1lONVJJbHc/AAAAAAAAAAI/AAAAAAAAAAA/ACHi3rd3_c36gAx1nx4Hr5buQfZUtpzqOA/photo.jpg
video.like,3.18.3,1579398560598,4,"This app is amazing ,I love it ,but there is one flaw please be careful because I get inappropriate messages from men but you can easily block them but other than that it is a good app.",101089087123891329690,Jen Wilson,https://lh3.googleusercontent.com/-ph3E-dQzpio/AAAAAAAAAAI/AAAAAAAAAAA/ACHi3rfJiqPuk3NqO4Pbqi1__nXuDSo_TA/photo.jpg
video.like,3.17.3,1578613411094,4,"I like it over all, but i have this one problem where whenever i wanna send pictures to friends it won't let me.It also wont let me send the little videos to send to you friend, it shows nothing but a smiley face. And i dont know how to fix it.",108290825629656155039,Itz -Kristy Gacha-,https://lh3.googleusercontent.com/a-/AAuE7mAixJtk2S1gRiU5OtJat1ywsU-mIGPvlGPO9Z2w9A
video.like,3.18.3,1578551426110,5,"Likee fan here. Tried tic tok and funimate, but found this one is my type. Likee is a really nice app I can make my videos and post them on it and I just want one more thing is that more options for hot music.",111084960210971735146,oUHRb OrFIg,https://lh3.googleusercontent.com/-1CWvBjR0aYQ/AAAAAAAAAAI/AAAAAAAAAAA/ACHi3rf5gko8PNvpe2IkvLeG6qjua6xGtA/photo.jpg
video.like,3.18.3,1578607514418,5,love this app! i use it everyday. And i love making Videos! I am a fan of youtube and tik tok. I would give it 5 stars but the problem is sometimes it will remind me I tap too fast.,106802413891536112828,celioparacentesis Taraktogenos,https://lh3.googleusercontent.com/-IIKiz-xIJso/AAAAAAAAAAI/AAAAAAAAAAA/ACHi3rfT8bJ965n74oDZsGRXQhdF-AO5ZQ/photo.jpg
video.like,3.19.2,1579462749141,5,Very attractive amongst the young people . Very Popular also. So many applications are there for marking vdos lively and amazing. Easy to operate. Everyone can use this app and can able to get enjoyments here in this app. I would like to give 5*. Recommended. Thanks and Regards üëçüôèüôèüôè,103361305906751516305,anup das,https://lh3.googleusercontent.com/a-/AAuE7mAK36pKFdmgqcI4IMddrTUf8b85YNK-NAN_2JfC
video.like,3.18.3,1578485181193,5,This app is entertaining and fun to use when people are board and you get to show off your talents in this app that is why I think it is cool and fun. More diversified in user ages compared with tiktok. I love this point!,107619523338702914220,pelican nasoseptal,https://lh3.googleusercontent.com/-ofV0d4zohGc/AAAAAAAAAAI/AAAAAAAAAAA/ACHi3rd2Nf0LzWp7GxxwfY0w8b8-_ln-mg/photo.jpg
video.like,3.18.3,1578724148427,2,The app is cool but can't use it on WiFi connection. Since I use wifi often and can't use the app with WiFi connection it's not of a much interest! Work on it. I get no network connection on WiFi! Am new to using it am am kindda enjoy it,115264129597502330183,Kay Jones,https://lh3.googleusercontent.com/a-/AAuE7mBNuu_2ulZehm3iyhlf66Fn4bklCG4ctdAJFFNnaQ
video.like,3.17.3,1578834758791,4,I love that u can make multiple videos that have different songs or dances the only downside is it wouldnt let me make a video once so I restarted my phone and checked it didn't work so I just didn't go on the app for a while and I went back on and it workedüòÉ,108607364114637031449,Lilly Wasielewski,https://lh3.googleusercontent.com/a-/AAuE7mBCDmKs-JfNzdSkbxobGzCPBkXpTwSE9hab5adw
video.like,3.18.3,1578542073487,5,"Likee is amazing!! This app lets you be you. It has a wide range of amazing effects, much more effects than tik tok. But I would suggest content auditing should be more strict.",100947349175458930314,ephoric devitrify,https://lh3.googleusercontent.com/-C5VFLFRfKJI/AAAAAAAAAAI/AAAAAAAAAAA/ACHi3rcG81VDKMOZ-yJtynWFQCzuxzUwag/photo.jpg
video.like,3.18.3,1578480394633,5,"Nice app. In some way it is similar to tiktok but still different. Likee got much more video effects. As for the new function FaceMagic, I hope there is more choices of movie clips.",116105390659694418769,asfetida etiolation,https://lh3.googleusercontent.com/-cfu1MNQtz7w/AAAAAAAAAAI/AAAAAAAAAAA/ACHi3rdrdABpD09RuqJHDrcIneLwvfbdYw/photo.jpg
video.like,3.19.2,1579515752745,1,I have been reporting the problem and I want all the account (my accounts) with my name's formed deleted but it's not happening and they are created more account if I'm trying to check I'm fed up I want the accounts made deleted.,105037251674917987848,Natasha Jahan,https://lh3.googleusercontent.com/a-/AAuE7mC4UhS7f-2ypPZ8wAP_niFO1oUTIeTk4a59YWZv
video.like,3.18.3,1578732298623,5,best app ever i think its even better than tiktok because in tiktok it is harder to get fans and even likes but in likee it is easier to get likes and fans. It is very fair coz every can see ur videos it is very equal. Keep the good work likee u are doing a great jobüòäüëçüëçüíô,114197455407291585552,Natalie Alice,https://lh3.googleusercontent.com/a-/AAuE7mBuewa4s96i6RIpmctoNsEKwgx-AKmYjG1SfOt2
video.like,3.18.3,1578535747182,5,Nice but add one more option is that there is no option for add my music. I don‚Äôt know thether other short video apps like tiktok or vmate got this function but I think it would be much more convenient.,103165804836555604711,gMgUx tBCBl,https://lh3.googleusercontent.com/-_tLPqmamB4s/AAAAAAAAAAI/AAAAAAAAAAA/ACHi3rdSb68Qpq9tnqyTR8kSpTOS84zCnQ/photo.jpg
video.like,3.17.3,1578278469448,5,"Likee is a fun app to connect with your friends, the controls are amazing. Just move from tiktok to likee. It is simply just a brilliant app and thats why i gave it 5 stars!!!!",109053085562563628528,Holly Schubart,https://lh3.googleusercontent.com/-qL3eP6dAG_E/AAAAAAAAAAI/AAAAAAAAAAA/ACHi3rdLIEAJHu0IyDe_jIPIRrubTHaOsg/photo.jpg
video.like,3.17.3,1577829191374,3,My experience was okay but it was fun because you could just show like your true self out not like the whole world but I want to like people who are on Mikey and I would think it was a good app to show your true personality but I didn't think it was fair because it says you have to be 16 or older to go live but this girl on Tik Tok she is not 16 or older it's a why people want to talk and can go by but they aren't 16 or older so I think that should be clarified because I don't think that's fair,117284912651017463336,Jayda Paige,https://lh3.googleusercontent.com/-NmSDRoiTr2k/AAAAAAAAAAI/AAAAAAAAAAA/ACHi3reLAWb1ioOqXKZr6MLfb8LPzwrUAQ/photo.jpg
video.like,3.17.3,1578256537057,5,Overally. this app is similar to tic tok. A great platform for its users for showing the special talent you have and its great for time pass when you are bored. Love to use it.,111893120625741416137,Andreona Eames,https://lh3.googleusercontent.com/-LIwVOmGiF_8/AAAAAAAAAAI/AAAAAAAAAAA/ACHi3rdNIURhWjUpF1ShLy4a3ViMAWuAAA/photo.jpg
video.like,3.18.3,1578564974553,5,"It is a really great way to comunicate with friends and famaily. It gives you joy an laughter and get to know people better. But be careful of addiction as short videos tend to make people keep watching videos, just as tik tok.",114591611254648173018,FQkFW SnTYM,https://lh3.googleusercontent.com/-Dw1ApXZyh1g/AAAAAAAAAAI/AAAAAAAAAAA/ACHi3re6-TEZraM4Iu_Sj1DslXEw4S4i1A/photo.jpg
video.like,3.18.3,1578550874379,5,Overally. this app is similar to tic tok. A great platform for its users for showing the special talent you have and its great for time pass when you are bored. Love to use it.,112689284324258433564,GmWEY NOYOK,https://lh3.googleusercontent.com/-mvCTpR5YCEI/AAAAAAAAAAI/AAAAAAAAAAA/ACHi3rcUXDPHKAHAkg8apacKIntMl2zoYQ/photo.jpg
video.like,3.18.3,1578538453007,5,"Likee is best platform to show talent. I personally suggest this app which gives you nice effects , filters to make your video more creative than tik tok or kwai. This app can make you popular and famous . Gives you new identity and also at same time you get love from your fans",110515743962316244893,awakenable unheaped,https://lh3.googleusercontent.com/-Z8iu7coO0Wc/AAAAAAAAAAI/AAAAAAAAAAA/ACHi3rcm-89rx1HWIkxYnSa18J65-ni_Qg/photo.jpg
video.like,3.18.3,1578649145485,5,It is a cool app. It uses wifi but it is worth it. I love alot and the videos are amazing . And I give 5 stars . So it can make the app even better. Good stuff.:-),107980298411320356725,Lucy Mabuza,https://lh3.googleusercontent.com/a-/AAuE7mBAoas4vnN662VSoizqQVZvKS4mWSBJesppGT5i
video.like,3.18.3,1578242727245,5,This app is awesome I have been using it since 2 years. This app is younger than tiktok but even doesn‚Äôt' lose its shine to tic. and this is the direct way to the social world so guys make different videos and fans . Win hearts too,107744969002107574814,Meikhi Piddock,https://lh3.googleusercontent.com/-ZUaDxjOlcQ0/AAAAAAAAAAI/AAAAAAAAAAA/ACHi3rcwagrQAkYjFDcBMcps_Y_uzn7Y7A/photo.jpg
video.like,3.18.3,1578536724554,5,This app is awesome I have been using it since 2 years. This app is younger than tiktok but even doesn‚Äôt' lose its shine to tic. and this is the direct way to the social world so guys make different videos and fans . Win hearts too,100824512168634166248,tractoration immitigability,https://lh3.googleusercontent.com/-qfKHWIG08e0/AAAAAAAAAAI/AAAAAAAAAAA/ACHi3rdtpGVMxfDV5mH2T5k9sRVWemMurQ/photo.jpg
video.like,3.18.3,1578613760844,5,"Likee app is a very good app. Amazing and fantastic video effects. Easy to make videos or find the content you like. But just like tic tok, here are certain videos not good for teenagers and I hope this will be emphasized.",117915207365205233639,succeedable Rajmoriform,https://lh3.googleusercontent.com/-h4LBEapwuYI/AAAAAAAAAAI/AAAAAAAAAAA/ACHi3rfxRL-f_wjPdu95DYR6P9P4bdxJKg/photo.jpg
video.like,3.18.3,1578586392895,5,This app is entertaining and fun to use when people are board and you get to show off ur talents in this app that is why I think it is cool and fun. One suggestion is that hope more pop songs just like tiktok.,111434878309574442587,yfzcJ ARXdL,https://lh3.googleusercontent.com/-IjqGZH6_u1g/AAAAAAAAAAI/AAAAAAAAAAA/ACHi3rc-CczDj-duxCYzOrKlCb1P9UyOXA/photo.jpg
video.like,3.18.3,1578536324906,5,"Likee is a fun app to connect with your friends, the controls are amazing. Just move from tiktok to likee. It is simply just a brilliant app and thats why i gave it 5 stars!!!!",101981296809691049626,sanctifying baric,https://lh3.googleusercontent.com/-xT-94fqSu8Y/AAAAAAAAAAI/AAAAAAAAAAA/ACHi3re7UbEJ6CJ21FIrLCj-Ek4_rCO2lQ/photo.jpg
video.like,3.18.3,1578244122466,5,"Nice app. In some way it is similar to tiktok but still different. Likee got much more video effects. As for the new function FaceMagic, I hope there is more choices of movie clips.",103251214486423651442,Adysan Lillee,https://lh3.googleusercontent.com/-5knWWR7UrQw/AAAAAAAAAAI/AAAAAAAAAAA/ACHi3rf-Q_8Dj11tKpIlt5KdwJ3LbZOQOA/photo.jpg
video.like,3.18.3,1578547883402,5,Another amzing short video app like tic tok. If you want to give content creation and to reduce anxiety and build confidence. Or to just find some great clips which you can Laugh to and share with your friends,107027645589979068403,notedly overbrace,https://lh3.googleusercontent.com/-20IH4SNt-PQ/AAAAAAAAAAI/AAAAAAAAAAA/ACHi3rc7bAt6D1kvQn8rIQ3Gsefjt64f-A/photo.jpg
video.like,3.18.3,1578435721250,5,"Similar to tiktok as a short video app. But likee got its own difference. Its a rally cool video making and sharing app featuring powerful video effects, filters and stickers. I would recommend you guys to download it.",100472643334913962508,Xqm Smerdon,https://lh3.googleusercontent.com/-BVpWd1SxkZU/AAAAAAAAAAI/AAAAAAAAAAA/ACHi3rfuK--lSZu0KHdIYsQnrAem2DAgmw/photo.jpg
video.like,3.17.3,1578263496913,5,This is one of the greatest apps I have ever put on my Phone. Before I used tiktok a lot but now I spend much more time on Likee. Cool video effects! I prefer it to tik tok.,109909439552068029018,Emon Brim,https://lh3.googleusercontent.com/-VY0d7CP8u5Y/AAAAAAAAAAI/AAAAAAAAAAA/ACHi3rds4v3z0rUIvqzCLXMSCe6Rv-VtcA/photo.jpg
video.like,3.18.3,1578539628402,5,Excellent. App !! Love the features .just one feedback u need to verify the users as lots of using fake identity. You need to motivate the contenders to be more original,114517788669898234550,vinod yadav,https://lh3.googleusercontent.com/a-/AAuE7mDCRUQjd1xySnMo-eF5vSByGhmIJTu81BudiwV4
video.like,3.17.3,1578254521242,5,This is a great app. I use tiktok and Likee at the same time. Likee got marvelous video effects but sometimes it tell me video uploading fails. Pls help to solve this problem.,113998180951157826079,Joshuea Steptowe,https://lh3.googleusercontent.com/-mv9xQupnwTU/AAAAAAAAAAI/AAAAAAAAAAA/ACHi3reU5pBhoArvDBufs7AUIg68dig_Wg/photo.jpg
video.like,3.18.3,1578547427933,5,This is a great app. I use tiktok and Likee at the same time. Likee got marvelous video effects but sometimes it tell me video uploading fails. Pls help to solve this problem.,100437328363871950736,uproariness duplicate,https://lh3.googleusercontent.com/-AEvMKcPgNY0/AAAAAAAAAAI/AAAAAAAAAAA/ACHi3rffEXgnL3F1SUL-SKL7xAOxabhOFw/photo.jpg
video.like,3.18.3,1578586883218,5,It's literally one of the most addicting app apart from tik tok. Ever since they changed it from LIKE to Likee videos have become more fun to make and easier too. NOW my friends have said it's like the new tiktok.,112064031988473359527,sudoriferousness mudbank,https://lh3.googleusercontent.com/-uAX8-pTaP3c/AAAAAAAAAAI/AAAAAAAAAAA/ACHi3rf-OFnpUjeFx7-Vm4VUW2aLOSu76w/photo.jpg
video.like,3.18.3,1578596861734,5,"Likee is a great app and I've loved it forever. I will probably never get rid of this app. The next short video app I tried after tiktok. So far, I am pleasant with my using experience.",107758510565365312512,KTcZi LFvvT,https://lh3.googleusercontent.com/-d6L9ABIOow4/AAAAAAAAAAI/AAAAAAAAAAA/ACHi3rcM45RACiQ52oMVI6zEAg_cBcxSyw/photo.jpg
video.like,3.18.3,1578544634981,5,Love this app and i really like to make vedios on Likee and i like its features some things like effects filter i spend my leasure time seeing this app . Many people dont like this app but why i dont know many of my friends say that its a waste of time but its really a good app. It teaches us many morals . So at list i would like to give 5 stars to this app,105945382848009165765,dDamS EVJAS,https://lh3.googleusercontent.com/-WUu0UeyySkM/AAAAAAAAAAI/AAAAAAAAAAA/ACHi3rd_juAFHOrZ0MCmVAtD94BV4Fr7Sw/photo.jpg
video.like,3.18.3,1578288234618,5,"Super fun to meet new online friends that have the same interests as you, I just wish they would share videos more. Now I am thinking how to differentiate my contents as I also have accounts on tiktok.",116858589882160667626,Elinor Dainton,https://lh3.googleusercontent.com/-E8dtuUdLbMw/AAAAAAAAAAI/AAAAAAAAAAA/ACHi3rcjBut1yMhu9MNGg0l2oCAlpMM2TQ/photo.jpg
